研究,10
室,6
学,4
年,3
月,3
情報,3
方,3
松本,2
4,2
理工,2
専攻,2
所属,2
人間,2
情報処理,2
機械,2
的,2
"""",2
こと,2
興味,2
学生,2
連絡,2
2008,1
11,1
国立,1
大学,1
法人,1
電気通信大学,1
先端,1
領域,1
教育,1
センター,1
活動,1
開始,1
2013,1
科,1
総合,1
2016,1
改組,1
対象,1
視覚,1
聴覚,1
触覚,1
五感,1
関連,1
知覚,1
それ,1
応用,1
インタラクション,1
目標,1
物理,1
化学,1
数学,1
科学,1
視点,1
工学,1
発展,1
システム,1
模倣,1
自然,1
生物,1
理解,1
ため,1
境界,1
メカバイオフロンティア,1
開拓,1
成果,1
社会,1
還元,1
皆様,1
学年,1
歓迎,1
基本,1
方針,1
学部,1
修士,1
欄,1
そちら,1
ご覧,1
出張,1
直接,1
訪問,1
事前,1
電子,1
メール,1
スムーズ,1
先,1
アクセス,1
マップ,1
確認,1
